quarter,centre_A,centre_B,centre_pooled,p_mix_A,p_mix_B
1,0.000000,0.000000,0.000000,0.000000,0.000000
2,0.000000,0.000000,0.000000,0.000000,0.000000
3,0.000000,0.000000,0.000000,0.000000,0.000000
4,0.000000,0.000000,0.000000,0.000000,0.000010
5,0.000000,0.000039,0.000020,0.000000,0.000311
6,0.000000,0.000616,0.000308,0.000000,0.001849
7,0.000000,0.003360,0.001680,0.000000,0.005634
8,0.000000,0.010309,0.005155,0.000000,0.012371
9,0.224533,0.022268,0.123401,0.215943,0.022413
10,0.281486,0.038090,0.159788,0.278204,0.035498
11,0.203320,0.055230,0.129275,0.209251,0.050410
12,0.127067,0.070831,0.098949,0.128569,0.065048
13,0.074113,0.082638,0.078376,0.072923,0.077071
14,0.041507,0.089439,0.065473,0.040461,0.084727
15,0.022631,0.091072,0.056852,0.022586,0.087340
16,0.012107,0.088169,0.050138,0.012842,0.085290
17,0.006385,0.081806,0.044096,0.007466,0.079653
18,0.003331,0.073201,0.038266,0.004438,0.071751
19,0.001722,0.063485,0.032604,0.002692,0.062813
20,0.000884,0.053578,0.027231,0.001662,0.053795
21,0.000451,0.044147,0.022299,0.001043,0.045324
22,0.000229,0.035612,0.017920,0.000663,0.037746
23,0.000116,0.028188,0.014152,0.000427,0.031193
24,0.000058,0.021935,0.010997,0.000278,0.025656
25,0.000029,0.016810,0.008420,0.000182,0.021051
26,0.000015,0.012704,0.006359,0.000121,0.017261
27,0.000007,0.009480,0.004744,0.000081,0.014159
28,0.000004,0.006993,0.003498,0.000054,0.011627
>28,0.000004,0.000000,0.000002,0.000116,0.000000
