quarter,A_R01,A_R08,B_R02,B_R11+R12,centre_A,centre_B,centre_pooled
1,0.000000,0.000000,0.000000,0.000000,0.000000,0.000000,0.000000
2,0.000000,0.000000,0.000000,0.000000,0.000000,0.000000,0.000000
3,0.000000,0.000000,0.000000,0.000000,0.000000,0.000000,0.000000
4,0.111111,0.000000,0.040000,0.000000,0.055556,0.020000,0.037778
5,0.111111,0.000000,0.040000,0.000000,0.055556,0.020000,0.037778
6,0.111111,0.000000,0.040000,0.000000,0.055556,0.020000,0.037778
7,0.111111,0.000000,0.040000,0.003268,0.055556,0.021634,0.038595
8,0.111111,0.000000,0.040000,0.016340,0.055556,0.028170,0.041863
9,0.111111,0.165057,0.040000,0.029412,0.138084,0.034706,0.086395
10,0.111111,0.372585,0.040000,0.042484,0.241848,0.041242,0.141545
11,0.111111,0.334943,0.040000,0.055556,0.223027,0.047778,0.135402
12,0.111111,0.127415,0.040000,0.068627,0.119263,0.054314,0.086788
13,0.000000,0.000000,0.040000,0.081699,0.000000,0.060850,0.030425
14,0.000000,0.000000,0.040000,0.094771,0.000000,0.067386,0.033693
15,0.000000,0.000000,0.040000,0.107843,0.000000,0.073922,0.036961
16,0.000000,0.000000,0.040000,0.107843,0.000000,0.073922,0.036961
17,0.000000,0.000000,0.040000,0.094771,0.000000,0.067386,0.033693
18,0.000000,0.000000,0.040000,0.081699,0.000000,0.060850,0.030425
19,0.000000,0.000000,0.040000,0.068627,0.000000,0.054314,0.027157
20,0.000000,0.000000,0.040000,0.055556,0.000000,0.047778,0.023889
21,0.000000,0.000000,0.040000,0.042484,0.000000,0.041242,0.020621
22,0.000000,0.000000,0.040000,0.029412,0.000000,0.034706,0.017353
23,0.000000,0.000000,0.040000,0.016340,0.000000,0.028170,0.014085
24,0.000000,0.000000,0.040000,0.003268,0.000000,0.021634,0.010817
25,0.000000,0.000000,0.040000,0.000000,0.000000,0.020000,0.010000
26,0.000000,0.000000,0.040000,0.000000,0.000000,0.020000,0.010000
27,0.000000,0.000000,0.040000,0.000000,0.000000,0.020000,0.010000
28,0.000000,0.000000,0.040000,0.000000,0.000000,0.020000,0.010000
>28,0.000000,0.000000,0.000000,0.000000,0.000000,0.000000,0.000000
