item,ctx,p_R,cap_R,delay_mult,ROB,VSSL,BOX,ROB_dir1,ROB_dir2,VSSL_dir1,VSSL_dir2,BOX_dir1,BOX_dir2,ROB_fam,dir1,dir2
L_A_pR15_cap100_d1_res1,A,15.0,100.0,1.0,0.00638059712245676,0.00566164575266475,0.03751908132815146,-0.0056530093672774685,0.01841420361219099,-0.005258864825413909,0.01658215633074341,0.05913693578174715,0.015901226874555766,0.00587535778143665,A_R01->A_R08,A_R08->A_R01
L_A_pR15_cap100_d3_res1,A,15.0,100.0,3.0,-0.016414332089425936,-0.02463376248587933,-0.01309829204691819,-0.03883871333410988,0.00601004915525801,-0.048566076857585766,-0.0007014481141728912,-0.03215113275574032,0.005954548661903941,-0.00860715988406577,A_R01->A_R08,A_R08->A_R01
L_A_pR15_cap200_d1_res1,A,15.0,200.0,1.0,0.006380597122454652,0.00566164575266281,0.037519081328149455,-0.005653009367281685,0.01841420361219099,-0.005258864825417669,0.01658215633074329,0.059136935781743144,0.015901226874555766,0.005875357781434798,A_R01->A_R08,A_R08->A_R01
L_A_pR15_cap200_d3_res1,A,15.0,200.0,3.0,-0.01641433208831513,-0.024633762484777885,-0.013098292045799303,-0.03883871333202712,0.006010049155396862,-0.04856607685552427,-0.0007014481140315031,-0.032151132753643646,0.00595454866204504,-0.009424050993298946,A_R01->A_R08,A_R08->A_R01
L_A_pR15_cap50_d1_res1,A,15.0,50.0,1.0,0.006380597122463299,0.0056616457526729525,0.037519081328161334,-0.005653009367264391,0.01841420361219099,-0.005258864825397504,0.01658215633074341,0.05913693578176461,0.015901226874558052,0.0058753577814430365,A_R01->A_R08,A_R08->A_R01
L_A_pR15_cap50_d3_res1,A,15.0,50.0,3.0,-0.02019803815551297,-0.027844192667406203,-0.016392805949507316,-0.04647038928420638,0.0060743129731804435,-0.05574000612551867,5.1620790706258055e-05,-0.03883294772371307,0.006047335824698432,-0.011421047937586509,A_R01->A_R08,A_R08->A_R01
L_A_pR25_cap100_d1_res1,A,25.0,100.0,1.0,0.006380597122455715,0.005661645752663279,0.03751908132815096,-0.0056530093672824775,0.018414203612193907,-0.005258864825418806,0.016582156330745362,0.05913693578174396,0.015901226874557955,0.005875357781435881,A_R01->A_R08,A_R08->A_R01
L_A_pR25_cap100_d3_res1,A,25.0,100.0,3.0,-0.011113216050344162,-0.023392159450865153,-0.009740473103824178,-0.03740802688501373,0.015181594784325412,-0.05481309061465219,0.008028771712921882,-0.035181155916364115,0.01570020970871576,-0.003376102788307231,A_R01->A_R08,A_R08->A_R01
L_A_pR25_cap200_d1_res1,A,25.0,200.0,1.0,0.006380597122469148,0.005661645752676831,0.037519081328165685,-0.0056530093672554895,0.018414203612193786,-0.005258864825391578,0.01658215633074524,0.05913693578177341,0.015901226874557955,0.00587535778144827,A_R01->A_R08,A_R08->A_R01
L_A_pR25_cap200_d3_res1,A,25.0,200.0,3.0,-0.011113049295451179,-0.02339215945090284,-0.009740473103867088,-0.037407693375192556,0.015181594784290198,-0.05481309061469301,0.008028771712887331,-0.03518115591640975,0.015700209708675576,-0.004089160186759077,A_R01->A_R08,A_R08->A_R01
L_A_pR25_cap50_d1_res1,A,25.0,50.0,1.0,0.00638059712245987,0.005661645752667377,0.03751908132815567,-0.00565300936727257,0.01841420361219231,-0.005258864825408894,0.01658215633074365,0.059136935781754975,0.015901226874556366,0.005875357781439765,A_R01->A_R08,A_R08->A_R01
L_A_pR25_cap50_d3_res1,A,25.0,50.0,3.0,-0.018506965809777714,-0.028365383521911793,-0.015565523996532219,-0.050542608237268076,0.013528676617712647,-0.06420856607794477,0.007477799034121186,-0.04463262606413137,0.013501578071066932,-0.009974553707859657,A_R01->A_R08,A_R08->A_R01
L_A_pR40_cap100_d1_res1,A,40.0,100.0,1.0,0.006380597122482007,0.005661645752685147,0.037519081328173526,-0.005653009367228103,0.018414203612192117,-0.005258864825374721,0.016582156330745015,0.05913693578178751,0.015901226874559533,0.0058753577814605025,A_R01->A_R08,A_R08->A_R01
L_A_pR40_cap100_d3_res1,A,40.0,100.0,3.0,-0.026939176527278893,-0.03336340702665794,-0.02052078344165634,-0.0533266925177024,-0.0005516605368553909,-0.06012427595336216,-0.0066025380999537135,-0.040462807826781584,-0.0005787590565310984,-0.018204104891401625,A_R01->A_R08,A_R08->A_R01
L_A_pR40_cap200_d1_res1,A,40.0,200.0,1.0,0.006380597122457951,0.0056616457526660075,0.037519081328151946,-0.005653009367276215,0.018414203612192117,-0.0052588648254129995,0.016582156330745015,0.05913693578174676,0.015901226874557126,0.005875357781437931,A_R01->A_R08,A_R08->A_R01
L_A_pR40_cap200_d3_res1,A,40.0,200.0,3.0,-0.026939176527105452,-0.033363407026485825,-0.02052078344147574,-0.053326692517395954,-0.0005516605368149472,-0.06012427595305773,-0.006602538099913928,-0.040462807826467016,-0.0005787590564844619,-0.018204104891244126,A_R01->A_R08,A_R08->A_R01
L_A_pR40_cap50_d1_res1,A,40.0,50.0,1.0,0.0063805971224715026,0.005661645752679565,0.03751908132816735,-0.005653009367249112,0.018414203612192117,-0.005258864825385885,0.016582156330745015,0.05913693578177517,0.015901226874559533,0.005875357781450494,A_R01->A_R08,A_R08->A_R01
L_A_pR40_cap50_d3_res1,A,40.0,50.0,3.0,-0.026939176527033048,-0.033363407026414264,-0.020520783441403404,-0.05332669251723444,-0.0005516605368316612,-0.06012427595289737,-0.0066025380999311595,-0.040462807826302745,-0.0005787590565040658,-0.018204104891178654,A_R01->A_R08,A_R08->A_R01
L_B_pR15_cap100_d1_res1,B,15.0,100.0,1.0,-0.034251745877133845,-0.02331459372946461,0.003935753882808098,-0.060903433510169296,-0.007600058244098388,-0.04990049018982059,0.003271302730891373,-5.1297812829057006e-15,0.007871507765621325,-0.028052390872728185,B_R02->B_R11+R12,B_R11+R12->B_R02
L_B_pR15_cap100_d3_res1,B,15.0,100.0,3.0,0.01630607910525867,0.02321494389520257,3.4913005784705206e-15,0.003946517213991847,0.028665640996525493,0.011283174046081047,0.03514671374432409,1.2672364291259105e-15,5.71536472781513e-15,0.017064883329762207,B_R02->B_R11+R12,B_R11+R12->B_R02
L_B_pR15_cap200_d1_res1,B,15.0,200.0,1.0,-0.034251745877127315,-0.023314593729455938,0.003935753882820219,-0.060903433510160275,-0.007600058244094359,-0.04990049018980793,0.0032713027308960536,1.2604605437996999e-14,0.007871507765627834,-0.028052390872723633,B_R02->B_R11+R12,B_R11+R12->B_R02
L_B_pR15_cap200_d3_res1,B,15.0,200.0,3.0,0.01630607910525672,0.02321494389519427,-2.1437817905593412e-14,0.0039465172139932616,0.028665640996520178,0.01128317404606966,0.03514671374431888,7.040202384032848e-16,-4.357965604959011e-14,0.017064883329760545,B_R02->B_R11+R12,B_R11+R12->B_R02
L_B_pR15_cap50_d1_res1,B,15.0,50.0,1.0,-0.0342517458771389,-0.023314593729469025,0.0039357538828018335,-0.060903433510168054,-0.007600058244109746,-0.0499004901898196,0.0032713027308815556,-6.888563437044823e-15,0.007871507765610556,-0.028052390872732615,B_R02->B_R11+R12,B_R11+R12->B_R02
L_B_pR15_cap50_d3_res1,B,15.0,50.0,3.0,0.01630607910525797,0.02321494389519546,6.051774318156348e-15,0.003946517213993402,0.02866564099652254,0.011283174046069518,0.035146713744321406,2.8160809536131388e-15,9.287467682699557e-15,0.01706488332976159,B_R02->B_R11+R12,B_R11+R12->B_R02
L_B_pR25_cap100_d1_res1,B,25.0,100.0,1.0,-0.03425174587713251,-0.023314593729461545,0.003935753882809719,-0.060903433510166645,-0.007600058244098382,-0.04990049018981642,0.003271302730893327,-2.78473841072025e-15,0.007871507765622222,-0.028052390872726755,B_R02->B_R11+R12,B_R11+R12->B_R02
L_B_pR25_cap100_d3_res1,B,25.0,100.0,3.0,0.01630607910525862,0.023214943895087728,1.6202865835849156e-15,0.003946517213993685,0.02866564099652355,0.01128317404585747,0.035146713744317985,3.0976890489744534e-15,1.4288411819537782e-16,0.017064883329762373,B_R02->B_R11+R12,B_R11+R12->B_R02
L_B_pR25_cap200_d1_res1,B,25.0,200.0,1.0,-0.03425174587712231,-0.02331459372945168,0.003935753882820554,-0.060903433510167596,-0.007600058244077034,-0.049900490189817535,0.003271302730914171,-1.6122169746275113e-15,0.00787150776564272,-0.02805239087271888,B_R02->B_R11+R12,B_R11+R12->B_R02
L_B_pR25_cap200_d3_res1,B,25.0,200.0,3.0,0.01630607910526075,0.02321494389509123,7.0540432160387365e-15,0.0039465172139928366,0.02866564099652866,0.011283174045856617,0.03514671374432584,2.5344728582518233e-15,1.157361357382565e-14,0.017064883329764365,B_R02->B_R11+R12,B_R11+R12->B_R02
L_B_pR25_cap50_d1_res1,B,25.0,50.0,1.0,-0.03425174587712721,-0.023314593729457097,0.003935753882813277,-0.060903433510175006,-0.007600058244079418,-0.04990049018982459,0.0032713027309103984,-1.5389343848717026e-14,0.007871507765641942,-0.028052390872723383,B_R02->B_R11+R12,B_R11+R12->B_R02
L_B_pR25_cap50_d3_res1,B,25.0,50.0,3.0,0.016306079105254587,0.02321494389507884,1.8356527961353397e-15,0.003946517213993543,0.02866564099651563,0.011283174045844514,0.03514671374431316,2.9568850012937957e-15,7.144205909768841e-16,0.017064883329758626,B_R02->B_R11+R12,B_R11+R12->B_R02
L_B_pR40_cap100_d1_res1,B,40.0,100.0,1.0,-0.03425174587713677,-0.023314593729465805,0.003935753882812999,-0.06090343351016889,-0.007600058244104654,-0.04990049018981649,0.0032713027308848776,8.793910770695513e-15,0.007871507765617205,-0.02805239087273094,B_R02->B_R11+R12,B_R11+R12->B_R02
L_B_pR40_cap100_d3_res1,B,40.0,100.0,3.0,0.01630607910525793,0.023214943895091048,8.064632395980007e-15,0.003946517213991568,0.028665640996524286,0.011283174045855765,0.03514671374432633,1.1264323814452543e-15,1.500283241051476e-14,0.017064883329761246,B_R02->B_R11+R12,B_R11+R12->B_R02
L_B_pR40_cap200_d1_res1,B,40.0,200.0,1.0,-0.03425174587713486,-0.02331459372946215,0.003935753882807133,-0.06090343351016924,-0.007600058244100478,-0.049900490189816266,0.003271302730891968,-6.741998257533217e-15,0.007871507765621007,-0.02805239087272898,B_R02->B_R11+R12,B_R11+R12->B_R02
L_B_pR40_cap200_d3_res1,B,40.0,200.0,3.0,0.016306079105255406,0.023214943895088366,3.777068814861265e-15,0.003946517213991142,0.02866564099651967,0.01128317404585477,0.03514671374432196,1.2672364291259099e-15,6.2869012005966205e-15,0.01706488332975908,B_R02->B_R11+R12,B_R11+R12->B_R02
L_B_pR40_cap50_d1_res1,B,40.0,50.0,1.0,-0.034251745877131874,-0.0233145937294595,0.003935753882780903,-0.06090343351016551,-0.007600058244098236,-0.049900490189812935,0.0032713027308939307,-5.906576734317165e-14,0.007871507765620872,-0.028052390872726332,B_R02->B_R11+R12,B_R11+R12->B_R02
L_B_pR40_cap50_d3_res1,B,40.0,50.0,3.0,0.01630607910525554,0.023214943895082385,4.05763687496522e-15,0.003946517213992697,0.028665640996518388,0.011283174045843664,0.03514671374432111,1.9712566675291963e-15,6.1440170824012434e-15,0.017064883329759365,B_R02->B_R11+R12,B_R11+R12->B_R02
